first_name,last_name,gender
Justis,Challender,Male
Ardelle,Spender,Female
Devlin,Legister,Male
Teodor,Castelow,Male
Nevil,Towers,Male
Ermina,Como,Female
Shawnee,Walkey,Female
Alli,Aasaf,Female
Karena,Latch,Female
Britt,Chichgar,Male
Austina,Baylie,Female
Cristin,Rushe,Female
Ade,Georgeon,Male
Say,McGeachie,Male
Doralynn,Mackilpatrick,Female
Vivien,Pereira,Female
Stanly,Tarburn,Male
Crissy,Addekin,Female
Amble,Decent,Male
Doria,Chard,Female
Jared,Itzkovitch,Male
Charlena,Looker,Female
Michael,Seebright,Male
Hulda,Rozec,Female
Maura,Veljes,Female
Donnie,Palfreeman,Male
Lutero,Burnup,Male
Madelin,Grove,Female
Rudolfo,Fever,Male
Oneida,Truter,Female
Blake,Archley,Male
Gloria,Hawker,Female
Lucius,Agott,Male
Ransom,Noblett,Male
Godfree,Sartain,Male
Randall,Grinvalds,Male
Jacquelynn,Blakiston,Female
Louisa,McVitty,Female
Kori,Lainge,Female
Kally,Candwell,Female
Sandi,Richardeau,Female
Gavra,Sulland,Female
Rodney,Danniell,Male
Gene,Capeloff,Male
Sansone,Pearce,Male
Cornall,Zanelli,Male
Opaline,Medeway,Female
Melina,Rouf,Female
Claybourne,Eakly,Male
Elayne,Michelmore,Female
Ezri,Jerratsch,Male
Barby,Tabrett,Female
Ethyl,Velareal,Female
Tate,Novelli,Male
Clarine,Agglio,Female
Georgetta,Foukx,Female
Zeke,Baversor,Male
Gunar,Sheather,Male
Ermentrude,Grosvenor,Female
Verine,Lissandre,Female
Ciel,Colcomb,Female
Milton,Blancowe,Male
Saunder,Spinola,Male
Lela,Jojic,Female
Kariotta,Mainston,Female
Shae,Voff,Female
Arri,Kos,Male
Kaleb,Rusk,Male
Stephen,Huckfield,Male
Tabby,McCarty,Male
Breena,Ashman,Female
Hinze,Durtnel,Male
Waite,Keohane,Male
Aristotle,Mickan,Male
Hymie,Kelwick,Male
Amargo,Rupel,Female
Gav,Bernholt,Male
Rory,Riehm,Female
Krystyna,Climo,Female
Ange,Labern,Male
Maynard,Baytrop,Male
Christiana,Jepperson,Female
Yale,Shackleton,Male
Sheryl,Mendel,Female
Reena,Rix,Female
Barthel,Egdale,Male
Amanda,Yeend,Female
Elly,Fiorentino,Female
Katy,Lavarack,Female
Sherry,Dursley,Female
Lacee,Leftley,Female
Kayley,Nester,Female
Bianka,Milkins,Female
Monique,Wodham,Female
Artus,Yockney,Male
Lin,Caudle,Female
Phedra,Stewartson,Female
Granny,Saing,Male
Candie,Dilke,Female
Monti,Fyall,Male
Trefor,Brown,Male
Faulkner,Lake,Male
Udale,Yetts,Male
Cristian,Loveland,Male
Margalo,Gladebeck,Female
Fanchon,McGarrie,Female
Gavan,Spillard,Male
Tiebold,Kerwin,Male
Roxi,Cunio,Female
Tad,Rousel,Male
Frederico,Langdridge,Male
Gusti,Emney,Female
Alasteir,Antonias,Male
Burt,Dearan,Male
Carey,Lake,Female
Robinson,Hardware,Male
Marylee,Grelak,Female
Cleveland,Piperley,Male
Trumann,Sheeres,Male
Elisha,Mattielli,Male
Garret,Skelcher,Male
Billy,Di Bernardo,Male
Brittan,Geharke,Female
Issie,Rolfe,Female
Terence,Stuchburie,Male
Harmonia,Filliskirk,Female
Hillyer,Flanne,Male
Tripp,Artingstall,Male
Esteban,Hoyle,Male
Dev,Rathmell,Male
Courtney,Sails,Female
Luce,Sheryn,Female
Tandi,Hirthe,Female
Grace,Fransman,Male
Cara,Caesmans,Female
Anton,Pegg,Male
Alfreda,Hertwell,Female
Olive,Driussi,Female
Eleonora,Thirlaway,Female
Aksel,Khristoforov,Male
Sarene,Case,Female
Bobbi,Kretchmer,Female
Alwyn,Sibbit,Male
Constancy,Winterborne,Female
Ikey,Kynett,Male
Lissi,Gaukroger,Female
Cheslie,Bernardon,Female
Hyatt,Burchnall,Male
Barris,Turnell,Male
Modestia,Mesnard,Female
Rorie,Scutter,Female
Adaline,Offield,Female
Amargo,Fernehough,Female
Tailor,Crosse,Male
Catharina,Kindleysides,Female
Johnathan,Gowdy,Male
Riccardo,Semrad,Male
Eva,Rae,Female
Rupert,Prudence,Male
Stirling,Salt,Male
Arvin,Jellicorse,Male
Yul,Brothers,Male
Skyler,Jeandon,Male
Lesly,Glenfield,Female
Stacy,By,Female
Winnie,Craney,Female
Raquel,Minichillo,Female
Teddy,Noulton,Male
Aviva,Fawdery,Female
Jilli,Gammet,Female
Annecorinne,Keech,Female
Madonna,Eckersall,Female
Kelli,Lorden,Female
Daven,Acomb,Male
Damita,Selborne,Female
Gerrie,Wyld,Male
Lethia,De la Yglesias,Female
Hastings,Brocket,Male
Ezequiel,Dowson,Male
Paula,Monkman,Female
Rodie,Shervil,Female
Jerrylee,Wragg,Female
Noelyn,Kiledal,Female
Katinka,Thyer,Female
Siana,Thornborrow,Female
Sibby,Ells,Female
Barnett,Roscoe,Male
Mela,Knights,Female
Madel,McCafferty,Female
Vin,Kirvin,Male
Lesley,Trobey,Male
Padgett,Whitesel,Male
Doralin,Pandey,Female
Lorenzo,Dugmore,Male
Cassandry,Braunes,Female
Nelie,MacIan,Female
Fey,Jacobssen,Female
Dyanna,Kennaway,Female
Jacenta,Gossage,Female
Leroi,Hirsthouse,Male
